{
  "name": "bot-cardiovascular-risk-grupo-c",
  "id": "cardiovascular-risk-assessment-bot",
  "description": "Bot automatizado para cálculo semanal de riesgo cardiovascular en Grupo C - Menopausia. Ejecuta HEARTS Score adaptado con factores específicos de mujeres menopáusicas.",
  "version": "1.0.0",
  "runtimeVersion": "vmcontext",
  "sourceCode": {
    "contentType": "text/typescript",
    "url": "s3://medplum-bots/cardiovascular-risk/bot-cardiovascular-risk.ts"
  },
  "schedule": {
    "expression": "cron(0 6 ? * MON *)",
    "timezone": "America/Argentina/Buenos_Aires",
    "description": "Ejecuta cada lunes a las 6:00 AM hora Argentina"
  },
  "permissions": {
    "read": [
      "Patient",
      "Observation",
      "RiskAssessment",
      "QuestionnaireResponse",
      "Condition",
      "Group",
      "Task",
      "CarePlan",
      "Practitioner"
    ],
    "write": [
      "RiskAssessment",
      "Task",
      "CarePlan",
      "Communication"
    ]
  },
  "environment": {
    "AWS_REGION": "us-east-1",
    "SES_FROM_EMAIL": "notificaciones@epa-bienestar.com.ar",
    "GROUP_C_ID": "grupo-c-menopausia",
    "RISK_THRESHOLD_LOW": "10",
    "RISK_THRESHOLD_MODERATE": "20",
    "RISK_THRESHOLD_HIGH": "30",
    "SIGNIFICANT_CHANGE_THRESHOLD": "5",
    "HEARTS_REGION": "AMR-D"
  },
  "timeout": 300,
  "memory": 512,
  "executionRole": "arn:aws:iam::ACCOUNT_ID:role/MedplumBotExecutionRole",
  "layers": [
    "arn:aws:lambda:us-east-1:ACCOUNT_ID:layer:aws-sdk-v3:1"
  ],
  "tags": {
    "project": "epa-bienestar",
    "team": "cardiologia",
    "environment": "production",
    "cost-center": "femtech"
  }
}
