{
  "resourceType": "Questionnaire",
  "id": "cardiovascular-risk-factors-women",
  "url": "http://epa-bienestar.com.ar/fhir/Questionnaire/cardiovascular-risk-factors-women",
  "version": "1.0.0",
  "name": "CardiovascularRiskFactorsWomen",
  "title": "Factores de Riesgo Cardiovascular - Mujeres",
  "status": "active",
  "subjectType": ["Patient"],
  "date": "2024-12-07",
  "publisher": "EPA Bienestar IA",
  "description": "Cuestionario para capturar factores de riesgo cardiovascular específicos de mujeres, incluyendo historia reproductiva, condiciones endocrinas y antecedentes familiares",
  "item": [
    {
      "linkId": "1",
      "text": "Historia Reproductiva",
      "type": "group",
      "item": [
        {
          "linkId": "1.1",
          "text": "¿Ha tenido embarazos?",
          "type": "boolean",
          "required": true
        },
        {
          "linkId": "1.2",
          "text": "¿Tuvo preeclampsia en algún embarazo?",
          "type": "boolean",
          "enableWhen": [
            {
              "question": "1.1",
              "operator": "=",
              "answerBoolean": true
            }
          ],
          "required": false,
          "code": [
            {
              "system": "http://snomed.info/sct",
              "code": "398254007",
              "display": "Preeclampsia"
            }
          ]
        },
        {
          "linkId": "1.3",
          "text": "¿Tuvo diabetes gestacional?",
          "type": "boolean",
          "enableWhen": [
            {
              "question": "1.1",
              "operator": "=",
              "answerBoolean": true
            }
          ],
          "required": false,
          "code": [
            {
              "system": "http://snomed.info/sct",
              "code": "11687002",
              "display": "Diabetes gestacional"
            }
          ]
        },
        {
          "linkId": "1.4",
          "text": "¿A qué edad comenzó su menopausia?",
          "type": "integer",
          "required": false,
          "extension": [
            {
              "url": "http://hl7.org/fhir/StructureDefinition/minValue",
              "valueInteger": 35
            },
            {
              "url": "http://hl7.org/fhir/StructureDefinition/maxValue",
              "valueInteger": 60
            }
          ]
        },
        {
          "linkId": "1.5",
          "text": "¿Actualmente está en terapia de reemplazo hormonal (TRH)?",
          "type": "boolean",
          "required": false
        }
      ]
    },
    {
      "linkId": "2",
      "text": "Condiciones Endocrinas",
      "type": "group",
      "item": [
        {
          "linkId": "2.1",
          "text": "¿Le han diagnosticado Síndrome de Ovario Poliquístico (PCOS)?",
          "type": "boolean",
          "required": false,
          "code": [
            {
              "system": "http://snomed.info/sct",
              "code": "237055002",
              "display": "Síndrome de Ovario Poliquístico"
            }
          ]
        },
        {
          "linkId": "2.2",
          "text": "¿Tiene diagnóstico de hipotiroidismo?",
          "type": "boolean",
          "required": false,
          "code": [
            {
              "system": "http://snomed.info/sct",
              "code": "40930008",
              "display": "Hipotiroidismo"
            }
          ]
        },
        {
          "linkId": "2.3",
          "text": "¿Toma medicación para la tiroides (levotiroxina)?",
          "type": "boolean",
          "enableWhen": [
            {
              "question": "2.2",
              "operator": "=",
              "answerBoolean": true
            }
          ],
          "required": false
        }
      ]
    },
    {
      "linkId": "3",
      "text": "Historia Familiar Cardiovascular",
      "type": "group",
      "item": [
        {
          "linkId": "3.1",
          "text": "¿Algún familiar directo (padre, madre, hermanos) tuvo infarto o ACV antes de los 55 años (hombres) o 65 años (mujeres)?",
          "type": "boolean",
          "required": true
        },
        {
          "linkId": "3.2",
          "text": "Especifique el parentesco y edad del evento",
          "type": "string",
          "enableWhen": [
            {
              "question": "3.1",
              "operator": "=",
              "answerBoolean": true
            }
          ],
          "required": false
        }
      ]
    },
    {
      "linkId": "4",
      "text": "Hábitos y Estilo de Vida",
      "type": "group",
      "item": [
        {
          "linkId": "4.1",
          "text": "¿Fuma actualmente?",
          "type": "boolean",
          "required": true,
          "code": [
            {
              "system": "http://loinc.org",
              "code": "72166-2",
              "display": "Tobacco smoking status"
            }
          ]
        },
        {
          "linkId": "4.2",
          "text": "Si fuma, ¿cuántos cigarrillos por día?",
          "type": "integer",
          "enableWhen": [
            {
              "question": "4.1",
              "operator": "=",
              "answerBoolean": true
            }
          ],
          "required": false
        },
        {
          "linkId": "4.3",
          "text": "¿Realiza actividad física regular (al menos 150 minutos por semana)?",
          "type": "boolean",
          "required": true
        },
        {
          "linkId": "4.4",
          "text": "¿Cuántas horas de ejercicio hace por semana?",
          "type": "decimal",
          "enableWhen": [
            {
              "question": "4.3",
              "operator": "=",
              "answerBoolean": true
            }
          ],
          "required": false,
          "extension": [
            {
              "url": "http://hl7.org/fhir/StructureDefinition/questionnaire-unit",
              "valueCoding": {
                "system": "http://unitsofmeasure.org",
                "code": "h",
                "display": "horas"
              }
            }
          ]
        }
      ]
    },
    {
      "linkId": "5",
      "text": "Medicación Actual",
      "type": "group",
      "item": [
        {
          "linkId": "5.1",
          "text": "¿Toma estatinas (para el colesterol)?",
          "type": "boolean",
          "required": false
        },
        {
          "linkId":="5.2",
          "text": "¿Toma antihipertensivos?",
          "type": "boolean",
          "required": false
        },
        {
          "linkId": "5.3",
          "text": "¿Toma aspirina u otro antiagregante plaquetario?",
          "type": "boolean",
          "required": false
        }
      ]
    }
  ]
}
